recno,ACSVCS,R,f_ACSVCS,Mod,mug,gam.g,n.g,reg,rbg,rhg,gmag,muz,gam.z,n.z,rez,rbz,rhz,zmag,reg.g,mug.g,<mug>,<eg>,e_<eg>,<B4g>,e_<B4g>,<PAg>,e_<PAg>,gmag.g,g-z,e_g-z,rez.g,muz.g,<muz>,<ez>,e_<ez>,<B4z>,e_<B4z>,<PAz>,e_<PAz>,zmag.g,RAJ2000,DEJ2000
1,1,R,,cS,23.51,0.086,5.503,208.01,1.94,,,21.98,0.093,5.626,211.38,1.86,,,209.15,,21.96,0.09,0.02,-0.002,0.002,-19.9,2.8,8.37,1.60,0.03,212.51,,20.42,0.09,0.02,-0.003,0.003,-18.9,2.1,6.79,12 29 46.74,+08 00 01.463
2,2,R,,cS,23.45,0.322,6.094,163.83,7.15,,,21.86,0.309,6.021,164.18,6.60,,,171.71,,21.96,0.02,0.04,0.001,0.007,46.1,37.1,8.79,1.60,0.04,170.74,,20.35,0.02,0.01,0.001,0.007,15.8,36.7,7.19,12 30 49.42,+12 23 28.350
3,3,R,,cS,22.52,0.206,4.766,98.16,2.56,,,20.90,0.203,4.854,98.48,2.52,,,99.34,22.83,21.06,0.11,0.04,-0.004,0.003,-83.6,4.4,9.08,1.62,0.02,100.05,21.21,19.45,0.11,0.05,-0.004,0.004,-83.4,3.6,7.45,12 43 40.08,+11 33 09.230
4,4,R,,cS,25.29,0.021,7.016,411.84,0.72,,,23.90,0.021,7.316,440.99,0.73,,,411.84,,23.60,0.19,0.02,-0.005,0.006,-57.2,4.9,8.53,1.57,0.05,440.99,,22.19,0.19,0.02,-0.005,0.006,-57.2,4.9,6.97,12 26 11.76,+12 56 46.060
5,5,R,,cS,23.90,0.224,6.813,170.82,0.62,,,22.35,0.230,6.397,160.68,0.60,,,170.82,,22.23,0.24,0.04,0.007,0.006,30.2,1.1,9.07,1.38,0.03,160.68,,20.70,0.23,0.03,0.008,0.005,30.0,0.8,7.68,12 25 24.06,+18 11 28.880
6,6,R,,cS,23.70,0.302,7.337,146.97,1.85,,,22.28,0.307,7.777,155.47,1.88,,,149.73,,22.03,0.18,0.02,-0.002,0.012,-51.8,7.2,9.16,1.56,0.01,158.16,,20.58,0.18,0.02,-0.003,0.012,-52.5,7.0,7.59,12 25 03.71,+12 53 12.890
7,7,R,,cS,23.61,0.235,5.871,115.39,1.35,,,22.22,0.239,6.287,122.69,1.36,,,116.14,,22.04,0.25,0.03,-0.002,0.008,43.9,0.5,9.72,1.53,0.05,124.16,,20.61,0.25,0.04,-0.001,0.006,43.8,0.4,8.15,12 24 28.35,+07 19 04.060
8,9,R,,S,23.61,,6.852,106.75,,,,22.44,,7.843,126.44,,,,106.75,23.99,21.93,0.34,0.02,0.028,0.010,-16.8,0.2,9.79,1.53,0.04,126.44,,20.69,0.35,0.02,0.028,0.009,-16.3,0.6,8.18,12 42 02.31,+11 38 48.730
9,10,R,,cS,23.27,0.252,7.088,85.12,0.65,,,21.72,0.299,7.604,84.37,0.75,,,85.93,23.58,21.61,0.05,0.01,0.001,0.002,-60.7,2.6,9.94,1.61,0.04,85.99,22.08,20.03,0.05,0.01,0.002,0.001,-59.8,1.9,8.36,12 35 39.83,+12 33 21.240
10,11,R,,S,20.32,,2.955,16.89,,,,19.01,,3.222,18.64,,,,16.89,20.55,19.09,0.43,0.04,0.014,0.007,-86.3,0.2,10.95,1.53,0.01,18.64,19.23,17.72,0.43,0.03,0.014,0.006,-86.3,0.2,9.38,12 29 48.86,+13 25 45.530
11,12,R,,S,20.37,,3.280,11.87,,,,19.33,,3.962,14.29,,,,11.87,20.45,19.08,0.34,0.04,0.030,0.014,30.3,0.3,11.71,1.44,0.01,14.29,19.46,17.94,0.35,0.05,0.027,0.012,30.1,0.3,10.17,12 52 56.04,+11 13 51.860
12,13,R,,S,21.63,,4.918,28.15,,,,20.17,,5.070,29.50,,,,28.15,21.60,20.14,0.14,0.03,0.003,0.014,-73.6,16.0,10.89,1.54,0.01,29.50,20.04,18.65,0.15,0.02,0.003,0.017,-73.9,16.5,9.31,12 29 00.09,+13 58 42.170
13,14,R,,S,20.49,,3.291,16.92,,,,18.65,,3.146,14.21,,,,16.92,20.51,19.20,0.27,0.06,-0.002,0.006,86.8,0.7,11.06,1.53,0.01,14.21,18.69,17.38,0.28,0.07,-0.001,0.007,86.5,1.0,9.62,12 28 03.90,+09 48 13.879
14,15,R,,S,21.47,,4.279,24.13,,,,20.45,,5.091,31.45,,,,24.13,,20.04,0.19,0.02,0.005,0.008,71.2,69.0,11.13,1.50,0.01,31.45,20.72,18.92,0.20,0.02,0.006,0.009,70.0,68.8,9.44,12 52 17.50,+11 18 50.190
15,16,R,,S,19.89,,2.645,7.93,,,,18.30,,2.761,7.74,,,,7.93,20.09,18.71,0.06,0.03,0.008,0.008,-5.2,37.9,12.22,1.57,0.01,7.74,18.36,17.10,0.06,0.04,0.009,0.008,-5.5,37.7,10.66,12 19 45.26,+12 47 53.470
16,17,R,,S,21.71,,3.245,26.18,,,,20.29,,3.538,27.27,,,,26.18,21.65,20.43,0.31,0.04,-0.004,0.016,-88.0,0.6,11.34,1.54,0.01,27.27,20.20,18.96,0.32,0.04,-0.005,0.016,-88.4,0.7,9.79,12 24 55.37,+11 42 15.970
17,18,R,,S,19.68,,2.458,9.50,,,,18.19,,2.735,9.34,,,,9.50,19.76,18.54,0.35,0.09,0.000,0.007,-21.7,0.3,11.65,1.53,0.01,9.34,18.19,17.00,0.36,0.09,-0.002,0.007,-21.1,1.0,10.15,12 36 53.46,+07 14 46.355
18,20,R,,S,20.19,,3.977,10.45,,,,18.60,,4.458,9.44,,,,10.45,20.15,18.80,0.40,0.04,0.005,0.009,-84.9,2.2,11.71,1.51,0.01,9.44,18.51,17.14,0.40,0.03,0.004,0.009,-85.3,2.1,10.27,12 44 31.97,+11 11 25.050
19,21,R,,S,20.23,,3.170,11.91,,,,18.61,,3.215,11.20,,,,11.91,20.47,18.96,0.36,0.08,0.012,0.016,28.1,0.3,11.59,1.55,0.01,11.20,18.83,17.33,0.36,0.07,0.011,0.016,28.1,0.3,10.09,12 23 57.84,+16 41 36.290
20,22,R,,S,21.00,,3.982,15.76,,,,19.52,,4.332,15.91,,,,15.76,20.98,19.61,0.34,0.07,0.000,0.004,46.8,0.6,11.63,1.54,0.01,15.91,19.62,18.09,0.34,0.07,-0.002,0.005,46.2,1.1,10.08,12 36 27.02,+11 26 20.120
21,23,R,,S,22.04,,4.020,21.63,,,,20.52,,4.032,20.78,,,,21.63,21.92,20.65,0.14,0.07,0.003,0.007,67.4,24.0,11.98,1.45,0.01,20.78,20.47,19.12,0.14,0.07,0.003,0.007,68.0,25.8,10.54,12 23 35.28,+16 43 20.640
22,24,R,,S,20.60,,3.320,12.57,,,,19.02,,3.356,11.61,,,,12.57,20.59,19.30,0.39,0.05,0.004,0.027,48.7,0.6,11.81,1.48,0.01,11.61,18.94,17.71,0.41,0.05,0.005,0.027,48.4,0.8,10.39,12 26 50.64,+09 35 03.122
23,25,R,,S,21.00,,3.945,14.79,,,,19.42,,4.116,13.36,,,,14.79,21.22,19.62,0.49,0.12,0.009,0.016,-54.7,0.5,11.77,1.49,0.01,13.36,19.63,18.01,0.51,0.12,0.010,0.021,-54.3,0.6,10.38,12 42 47.40,+11 26 32.440
24,26,R,,S,20.27,,1.937,11.45,,,,18.94,,2.159,12.01,,,,11.45,20.27,19.25,0.20,0.07,-0.003,0.013,-32.1,2.8,11.96,1.46,0.01,12.01,19.01,17.86,0.20,0.06,-0.006,0.013,-31.6,3.3,10.47,12 30 17.45,+12 19 42.490
25,27,R,,S,22.75,,4.466,32.52,,0.085,18.41,21.03,,4.466,27.22,,0.085,16.85,32.75,22.81,21.32,0.24,0.01,0.002,0.003,32.2,0.4,11.75,1.44,0.02,27.45,21.08,19.60,0.25,0.01,0.003,0.003,32.3,0.5,10.41,12 37 30.58,+09 33 17.531
26,28,R,,S,20.38,,3.725,9.78,,,,18.67,,3.692,8.83,,,,9.78,20.69,19.02,0.13,0.06,0.012,0.025,-9.4,16.4,12.08,1.52,0.01,8.83,19.03,17.31,0.13,0.06,0.012,0.026,-8.8,15.0,10.59,12 19 30.57,+14 52 42.380
27,29,R,,S,20.21,,1.662,10.43,,0.324,17.15,18.75,,1.662,9.98,,0.324,15.61,10.55,20.23,19.30,0.58,0.13,0.020,0.013,-1.2,0.7,12.18,1.42,0.01,10.13,18.87,17.84,0.58,0.12,0.020,0.012,-1.4,0.5,10.81,12 35 30.65,+12 13 14.220
28,30,R,,S,22.20,,4.575,24.99,,0.024,18.75,20.86,,4.575,25.02,,0.024,17.63,24.99,21.97,20.74,0.21,0.02,0.000,0.005,-45.2,8.6,11.76,1.32,0.01,25.02,20.64,19.39,0.21,0.02,0.000,0.005,-45.1,8.7,10.40,12 41 32.75,+07 18 53.211
29,31,R,,S,21.62,,3.363,16.88,,0.035,19.85,20.14,,3.363,16.67,,0.035,18.16,16.88,21.82,20.32,0.25,0.09,0.000,0.009,78.7,0.6,12.19,1.46,0.01,16.67,20.41,18.83,0.26,0.09,0.000,0.009,79.1,1.1,10.73,12 29 53.57,+14 04 07.000
30,32,R,,S,21.20,,3.006,14.24,,0.161,18.36,19.69,,3.006,13.67,,0.161,16.71,14.36,21.39,19.97,0.17,0.06,0.005,0.008,-83.5,3.2,12.19,1.43,0.01,13.79,,18.47,0.17,0.06,0.006,0.009,-83.8,2.8,10.77,12 25 14.74,+15 36 25.460
31,33,R,,S,20.28,,2.781,8.01,,,,18.83,,2.883,7.92,,,,8.01,20.33,19.08,0.14,0.04,-0.006,0.022,60.5,69.2,12.56,1.45,0.01,7.92,18.81,17.61,0.17,0.06,-0.004,0.023,89.7,76.8,11.12,12 34 06.13,+11 19 17.510
32,34,R,,S,19.77,,3.103,5.90,,,,18.09,,3.036,5.19,,,,5.90,19.79,18.52,0.18,0.04,0.003,0.006,-16.0,5.3,12.67,1.47,0.01,5.19,18.18,16.84,0.18,0.04,0.002,0.006,-15.1,6.5,11.27,12 25 12.33,+14 45 43.700
33,35,R,,S,23.73,,6.077,37.07,,,,22.02,,5.797,30.00,,,,37.07,23.62,22.12,0.10,0.04,0.003,0.004,-73.5,54.7,12.28,1.33,0.06,30.00,21.75,20.43,0.10,0.04,0.001,0.004,-74.3,55.4,11.05,12 30 52.27,+16 45 31.360
34,36,R,,S,20.95,,2.203,10.81,,0.208,18.55,19.43,,2.203,10.50,,0.208,16.99,10.87,20.99,19.88,0.32,0.09,-0.019,0.011,-37.5,1.5,12.71,1.48,0.01,10.56,19.52,18.36,0.32,0.09,-0.021,0.012,-37.1,2.3,11.25,12 25 41.72,+12 48 37.200
35,37,R,,cS,21.21,0.435,7.976,11.07,2.45,0.026,19.75,20.12,0.407,7.976,11.78,2.33,0.026,18.22,15.85,22.04,20.40,0.50,0.09,0.016,0.019,26.5,2.0,12.40,1.21,0.01,16.55,21.06,19.26,0.49,0.09,0.016,0.019,26.5,1.6,11.17,12 29 59.11,+12 20 55.400
36,38,R,,S,21.24,,2.240,13.29,,0.501,17.40,19.71,,2.240,13.11,,0.501,15.74,13.53,21.40,20.19,0.28,0.03,-0.005,0.013,69.3,0.4,12.54,1.50,0.01,13.35,19.70,18.66,0.28,0.03,-0.005,0.014,69.0,0.7,11.03,12 35 38.05,+12 15 50.170
37,39,R,,S,22.09,,2.043,18.60,,0.780,15.38,20.54,,2.043,16.04,,0.780,13.98,20.71,22.42,21.28,0.16,0.08,0.006,0.006,6.2,0.6,12.70,1.36,0.07,18.29,,19.77,0.17,0.09,0.007,0.004,6.7,0.8,11.46,12 28 57.58,+13 14 31.130
38,40,R,,S,21.18,,3.661,11.13,,,,19.60,,3.711,10.12,,,,11.13,21.26,19.83,0.07,0.03,0.001,0.003,35.1,8.2,12.61,1.43,0.01,10.12,19.67,18.24,0.07,0.03,-0.001,0.003,38.6,9.4,11.22,12 27 36.71,+08 09 14.989
39,41,R,,S,21.94,,3.791,15.18,,,,20.25,,3.727,12.89,,,,15.18,21.83,20.58,0.25,0.04,-0.004,0.009,61.5,3.7,12.68,1.42,0.02,12.89,20.02,18.89,0.26,0.04,-0.005,0.009,60.6,4.5,11.35,12 30 40.65,+09 00 55.580
40,42,R,,S,21.83,,2.275,14.67,,0.597,17.57,20.37,,2.275,14.39,,0.597,15.98,14.97,21.91,20.77,0.50,0.12,-0.007,0.016,-4.0,0.9,12.90,1.43,0.01,14.74,20.48,19.32,0.50,0.12,-0.008,0.014,-3.8,1.0,11.48,12 42 10.69,+07 40 35.584
41,43,R,,S,20.27,,2.719,6.61,,,,18.46,,2.614,5.64,,,,6.61,20.39,19.08,0.30,0.10,0.006,0.025,6.8,4.2,12.99,1.63,0.01,5.64,18.46,17.28,0.32,0.10,0.006,0.021,6.1,2.0,11.53,12 30 57.85,+12 16 14.950
42,44,R,,S,21.51,,2.087,13.26,,0.060,20.49,19.99,,2.087,11.16,,0.060,19.54,13.26,21.77,20.45,0.68,0.03,0.037,0.026,31.3,0.4,12.85,1.42,0.01,11.16,,18.93,0.69,0.03,0.038,0.022,31.3,0.4,11.69,12 28 43.32,+11 45 18.070
43,45,R,,S,21.21,,3.133,9.49,,,,19.92,,3.382,9.49,,,,9.49,,19.94,0.30,0.16,0.011,0.008,-5.8,0.6,13.06,1.35,0.01,9.49,,18.61,0.30,0.15,0.010,0.008,-5.3,0.6,11.73,12 33 05.12,+16 15 56.130
44,46,R,,S,20.50,,3.729,6.58,,,,18.81,,3.468,5.83,,,,6.58,20.48,19.15,0.31,0.03,0.009,0.003,4.3,0.3,13.06,1.47,0.01,5.83,18.85,17.49,0.32,0.03,0.010,0.003,4.5,0.5,11.67,12 29 21.26,+08 09 24.564
45,47,R,,S,22.57,,2.410,19.28,,0.053,20.67,21.11,,2.410,19.46,,0.053,19.10,19.28,22.50,21.44,0.30,0.13,-0.001,0.008,19.4,2.0,13.02,1.47,0.03,19.46,21.20,19.98,0.32,0.13,0.000,0.009,19.3,1.6,11.53,12 30 18.39,+13 34 40.060
46,48,R,,S,22.97,,2.171,20.95,,0.041,19.51,21.70,,2.135,20.13,,0.036,18.31,21.07,22.90,21.90,0.29,0.11,0.001,0.006,-47.1,2.8,13.29,1.20,0.05,20.24,21.74,20.64,0.29,0.12,0.001,0.007,-46.3,3.5,12.12,12 30 10.35,+10 46 45.830
47,49,R,,S,22.37,,3.449,16.01,,0.041,19.94,20.90,,3.365,15.20,,0.041,18.64,16.01,22.42,21.06,0.38,0.12,-0.008,0.005,-83.2,0.9,13.04,1.38,0.02,15.20,21.03,19.59,0.38,0.12,-0.009,0.006,-83.6,0.7,11.69,12 24 05.01,+11 13 04.290
48,50,R,,S,23.04,,1.914,19.29,,0.038,20.23,22.01,,2.101,21.98,,0.035,19.02,19.35,23.17,22.03,0.27,0.04,0.011,0.008,-20.4,4.5,13.60,1.27,0.08,22.10,22.20,20.96,0.28,0.05,0.010,0.012,-20.4,4.1,12.24,12 32 14.21,+10 15 04.810
49,51,R,,S,22.19,,1.882,11.90,,0.037,21.46,21.10,,1.973,12.64,,0.031,20.33,11.90,22.34,21.19,0.54,0.02,0.027,0.014,18.7,0.7,13.82,1.22,0.01,12.64,21.31,20.06,0.55,0.02,0.030,0.015,18.8,0.8,12.56,12 47 15.26,+10 12 12.420
50,52,R,,S,21.29,,1.835,6.82,,0.125,18.74,19.90,,1.983,6.92,,0.108,17.51,6.94,21.40,20.33,0.14,0.02,-0.001,0.005,27.9,1.7,14.13,1.45,0.01,7.04,19.96,18.91,0.14,0.02,0.000,0.006,28.0,1.7,12.68,12 41 15.76,+11 23 13.920
51,53,R,,S,23.87,,1.022,29.62,,,,22.98,,1.146,36.14,,,,29.62,23.96,23.17,0.18,0.18,-0.020,0.057,-66.0,9.2,13.81,1.15,0.15,36.14,23.14,22.21,0.15,0.22,-0.008,0.059,-70.1,49.4,12.43,12 09 22.19,+13 59 33.330
52,54,R,,S,28.81,,12.828,490.00,,,,27.60,,13.325,490.00,,,,490.00,,26.89,0.34,0.05,0.001,0.008,63.2,2.8,11.44,1.35,0.04,490.00,,25.55,0.34,0.05,-0.001,0.010,62.4,2.3,10.10,12 22 43.29,+08 11 53.328
53,55,R,,S,22.52,,1.596,12.52,,0.039,19.83,21.06,,1.564,12.01,,0.038,18.66,12.63,22.55,21.62,0.19,0.06,-0.002,0.010,-48.7,9.9,14.12,1.41,0.04,12.07,21.19,20.15,0.19,0.06,-0.003,0.013,-48.8,36.9,12.75,12 42 08.70,+11 45 15.690
54,56,R,,S,22.82,,2.539,9.94,,,,21.37,,2.017,8.38,,,,9.94,22.65,21.66,0.17,0.02,0.002,0.004,37.3,1.8,14.68,1.10,0.04,8.38,21.35,20.33,0.17,0.02,0.001,0.009,36.8,2.3,13.71,12 27 54.84,+08 05 25.200
55,57,R,,S,22.85,,1.165,14.72,,0.163,18.98,21.85,,1.317,16.70,,0.153,17.88,14.96,23.01,22.12,0.09,0.04,0.004,0.015,87.5,29.7,14.25,1.22,0.09,16.94,22.02,21.05,0.10,0.03,-0.002,0.028,80.3,27.9,12.91,12 25 57.96,+10 03 13.980
56,58,R,,S,21.76,,1.394,9.24,,0.030,22.11,20.56,,1.422,9.27,,0.022,21.22,9.27,,20.91,0.29,0.02,0.001,0.007,0.8,2.6,14.08,1.22,0.02,9.27,,19.69,0.29,0.04,0.002,0.016,0.7,3.2,12.86,12 15 12.60,+14 25 59.390
57,59,R,,S,24.25,,1.430,24.55,,0.043,21.11,23.38,,1.647,30.52,,0.038,20.10,24.67,,23.40,0.20,0.08,-0.008,0.044,28.8,48.4,14.44,1.19,0.01,30.63,,22.45,0.19,0.09,-0.006,0.043,42.2,56.6,13.02,12 31 20.19,+14 06 55.280
58,60,R,,S,23.15,,1.558,18.87,,0.027,20.24,22.00,,1.675,20.37,,0.027,18.92,18.98,23.28,22.26,0.23,0.07,-0.004,0.020,-76.8,8.0,13.87,1.29,0.07,20.49,22.18,21.06,0.10,0.06,0.010,0.041,-79.0,47.4,12.51,12 28 14.84,+11 47 23.830
59,61,R,,S,18.90,,2.732,2.33,,,,17.35,,2.788,2.29,,,,2.33,18.90,17.71,0.14,0.05,0.007,0.003,88.5,4.6,13.88,1.53,0.01,2.29,17.39,16.14,0.13,0.05,0.007,0.003,89.9,3.6,12.34,12 30 31.95,+12 29 24.360
60,62,R,,S,22.96,,1.361,15.14,,0.137,20.12,21.96,,1.593,18.24,,0.119,19.09,15.26,,22.14,,,,,,,14.22,1.33,0.13,18.36,22.09,21.05,,,,,,,12.74,12 40 58.57,+11 11 03.610
61,63,R,,S,23.21,,1.605,17.14,,0.031,23.88,22.10,,1.716,18.29,,0.010,23.00,17.14,23.43,22.29,0.45,0.06,-0.005,0.015,-53.9,4.9,14.12,1.24,0.02,18.29,22.26,21.14,0.45,0.08,-0.010,0.024,-53.4,6.9,12.83,12 22 19.58,+14 45 39.800
62,64,R,,S,22.16,,1.538,9.86,,0.238,19.68,20.74,,1.538,9.90,,0.233,18.57,9.95,22.12,21.28,0.04,0.03,-0.002,0.006,-19.5,8.6,14.29,1.42,0.04,9.96,20.75,19.85,0.04,0.03,-0.002,0.011,-21.5,9.3,12.86,12 32 23.39,+11 15 46.550
63,65,R,,S,22.36,,2.041,9.90,,0.010,22.41,21.09,,2.101,9.88,,0.010,21.75,9.90,22.45,21.32,0.17,0.08,0.002,0.006,-83.1,1.3,14.34,1.29,0.04,9.88,21.21,20.03,0.17,0.07,0.003,0.007,-83.5,1.5,13.06,12 33 51.62,+13 19 22.140
64,66,R,,S,23.86,,2.302,20.21,,0.010,22.70,23.15,,2.554,27.05,,0.010,21.44,20.21,23.94,22.76,0.32,0.06,-0.008,0.008,36.8,5.2,14.23,1.15,0.10,27.05,23.22,21.99,0.30,0.05,-0.004,0.009,37.3,6.4,12.83,12 36 54.85,+12 31 10.670
65,67,R,,S,21.79,,1.856,7.38,,,,20.65,,1.864,7.73,,,,7.38,21.74,20.79,0.30,0.01,0.003,0.006,-5.2,0.7,14.46,1.21,0.02,7.73,20.74,19.65,0.30,0.02,0.002,0.013,-5.5,0.8,13.21,12 40 19.67,+15 56 06.720
66,68,R,,S,23.82,,1.905,25.02,,0.089,20.02,22.63,,1.984,25.99,,0.083,19.04,25.13,,22.82,0.28,0.07,-0.008,0.014,76.7,4.1,13.82,1.26,0.13,26.11,22.84,21.60,0.28,0.07,-0.007,0.013,76.3,4.9,12.52,12 20 48.91,+17 29 12.840
67,69,R,,S,23.22,,1.469,15.25,,0.037,20.33,22.38,,1.723,19.06,,0.029,19.23,15.36,,22.35,0.28,0.13,0.004,0.009,-32.1,14.2,14.42,1.19,0.06,19.18,22.56,21.42,0.25,0.10,0.004,0.021,-31.7,16.4,13.01,12 45 20.48,+13 41 32.330
68,70,R,,S,22.54,,1.053,9.10,,0.033,22.19,21.46,,1.064,9.16,,0.032,21.30,9.16,22.62,21.83,0.11,0.05,0.001,0.031,32.5,64.6,15.03,1.10,0.01,9.19,21.53,20.74,,,,,,,13.93,12 11 07.71,+14 16 28.590
69,71,R,,S,23.31,,1.836,12.80,,0.053,22.88,22.15,,1.933,13.12,,0.038,21.97,12.80,23.34,22.32,0.13,0.06,0.001,0.011,-7.5,7.3,14.79,1.21,0.07,13.12,22.37,21.13,0.14,0.06,0.003,0.014,-6.3,7.9,13.55,12 16 33.68,+13 01 54.190
70,72,R,,S,23.57,,2.750,13.26,,,,22.58,,2.775,14.13,,,,13.26,23.50,22.37,0.43,0.02,-0.010,0.037,-72.5,0.7,14.77,1.10,0.07,14.13,22.36,21.37,0.43,0.02,-0.009,0.022,-71.8,0.9,13.63,12 22 41.19,+07 57 00.240
71,73,R,,S,22.52,,1.206,9.76,,,,22.01,,1.316,12.28,,,,9.76,22.64,21.74,0.37,0.14,-0.017,0.061,-81.1,4.9,14.79,0.82,0.04,12.28,22.23,21.18,0.36,0.16,-0.011,0.063,-81.8,8.3,13.74,12 10 23.13,+10 11 19.220
72,74,R,,S,22.48,,1.406,9.31,,0.010,23.79,21.74,,1.394,10.50,,0.046,22.95,9.31,22.68,21.62,0.35,0.03,0.012,0.041,81.3,2.4,14.78,0.88,0.06,10.50,21.91,20.88,0.35,0.04,0.009,0.075,80.4,3.6,13.78,12 33 13.43,+09 23 49.796
73,75,R,,S,22.77,,1.429,10.77,,,,21.84,,1.314,11.29,,,,10.77,23.00,21.90,0.46,0.09,-0.002,0.035,38.6,6.8,14.74,0.92,0.04,11.29,21.98,21.01,0.45,0.06,0.000,0.024,39.0,5.7,13.75,12 39 04.80,+14 43 52.220
74,76,R,,S,22.73,,1.372,10.07,,0.023,23.62,21.68,,1.402,10.43,,0.010,22.85,10.07,22.79,21.89,0.50,0.04,0.003,0.023,38.9,1.8,14.88,1.11,0.05,10.43,21.87,20.81,0.50,0.05,0.005,0.023,39.2,4.6,13.73,12 41 52.02,+09 24 09.966
75,77,R,,S,21.44,,1.236,5.50,,,,21.00,,1.166,6.48,,,,5.50,,20.64,0.45,0.08,-0.007,0.035,57.2,2.9,14.94,0.51,0.02,6.48,21.15,20.23,0.41,0.08,-0.003,0.029,57.5,2.7,14.18,12 33 19.77,+12 51 12.460
76,78,R,,S,23.18,,2.545,11.24,,0.050,21.94,21.79,,2.718,10.74,,0.037,20.91,11.24,23.30,22.02,0.16,0.07,-0.001,0.006,65.5,3.6,14.77,1.34,0.07,10.74,21.86,20.60,0.16,0.07,-0.003,0.005,63.4,4.9,13.45,12 34 11.55,+12 02 55.600
77,79,R,,S,22.01,,2.908,7.27,,0.120,19.10,20.46,,2.902,7.09,,0.121,17.93,7.46,22.21,20.83,0.26,0.11,0.006,0.005,29.8,69.8,14.48,1.52,0.03,7.21,,19.27,0.27,0.11,0.008,0.003,26.5,60.0,12.98,12 29 30.26,+07 59 34.565
78,80,R,,S,23.99,,0.768,20.82,,,,23.13,,0.856,21.88,,,,20.82,24.04,23.41,0.50,0.10,-0.006,0.234,-69.1,39.6,14.82,0.92,0.15,21.88,23.26,22.50,,,,,,,13.81,12 40 53.21,+10 28 32.380
79,81,R,,S,23.57,,1.242,14.57,,0.040,21.09,22.65,,1.422,17.80,,0.039,20.14,14.63,23.71,22.78,0.32,0.08,0.002,0.036,25.2,6.9,14.96,1.20,0.14,17.86,22.84,21.79,0.32,0.08,0.002,0.036,32.0,66.6,13.54,12 28 12.43,+10 17 52.810
80,82,R,,S,23.47,,1.152,10.94,,,,22.56,,1.199,12.22,,,,10.94,23.57,22.71,0.29,0.07,0.017,0.025,85.1,2.7,15.52,1.05,0.14,12.22,22.63,21.77,0.29,0.05,0.019,0.026,84.1,5.1,14.34,12 42 58.16,+10 40 54.610
81,83,R,,S,20.99,,2.006,3.73,,0.197,18.84,19.66,,2.189,3.87,,0.197,17.42,3.88,21.12,20.05,0.09,0.04,0.001,0.003,-78.2,2.0,15.11,1.42,0.02,4.04,,18.66,0.08,0.03,0.004,0.005,-79.2,2.4,13.64,12 35 37.26,+12 22 55.200
82,84,R,,S,22.37,,3.124,7.75,,0.063,19.72,21.12,,3.307,7.70,,0.056,18.41,7.87,22.41,21.14,0.02,0.01,0.001,0.004,80.0,24.7,14.67,1.26,0.03,7.82,21.22,19.86,0.02,0.01,0.001,0.004,80.5,36.8,13.40,12 32 33.41,+15 24 55.540
83,85,R,,S,23.22,,1.376,9.71,,0.037,20.32,21.97,,1.353,9.10,,0.034,19.25,9.82,23.24,22.40,0.13,0.05,-0.003,0.017,34.5,30.4,15.45,1.17,0.11,9.22,22.09,21.16,0.15,0.06,-0.001,0.019,36.5,44.4,14.34,12 17 19.68,+11 56 35.660
84,86,R,,S,23.11,,1.316,10.80,,0.073,22.39,22.09,,1.421,11.74,,0.066,21.44,10.83,23.25,22.29,0.49,0.07,0.009,0.020,-55.5,34.9,15.12,1.16,0.05,11.77,22.29,21.23,0.49,0.07,0.012,0.022,-55.7,34.7,13.88,12 47 20.67,+12 09 58.950
85,87,R,,S,23.16,,1.714,8.58,,,,22.34,,1.998,10.96,,,,8.58,23.46,22.20,0.06,0.12,0.002,0.015,-31.1,16.3,15.54,1.23,0.08,10.96,22.54,21.31,0.06,0.13,0.003,0.020,-41.9,35.1,14.11,12 44 12.03,+12 56 30.930
86,88,R,,S,22.67,,2.025,9.95,,0.046,21.23,21.82,,2.434,12.98,,0.035,20.20,10.01,22.62,21.64,0.45,0.03,0.005,0.013,-48.1,1.1,14.64,1.33,0.04,12.98,22.01,20.68,0.45,0.03,0.005,0.014,-48.2,0.9,13.12,12 24 48.38,+18 11 42.490
87,89,R,,S,23.77,,1.464,14.55,,0.060,21.52,22.74,,1.654,16.49,,0.057,20.53,14.61,23.93,22.90,0.25,0.07,0.000,0.034,-16.9,6.9,15.09,1.25,0.12,16.54,22.88,21.81,0.25,0.09,-0.004,0.027,-16.5,32.3,13.72,12 40 13.38,+12 52 28.990
88,90,R,,S,22.31,,1.833,4.82,,0.033,21.29,21.17,,1.867,4.86,,0.030,20.18,4.87,22.44,21.34,0.07,0.02,0.001,0.005,59.5,9.8,15.91,1.16,0.01,4.91,21.30,20.19,0.07,0.02,0.000,0.006,56.1,10.4,14.74,12 22 14.78,+07 10 01.014
89,91,R,,S,22.92,,1.394,10.17,,0.145,20.40,21.82,,1.521,10.89,,0.127,19.43,10.26,22.99,22.08,0.15,0.03,0.000,0.016,-30.9,4.4,15.03,1.23,0.08,10.95,22.00,20.93,0.15,0.03,0.000,0.019,-28.3,11.2,13.74,12 32 02.79,+11 53 23.650
90,92,R,,S,23.38,,0.794,12.61,,0.036,22.06,22.45,,0.833,13.40,,0.041,21.07,12.73,23.53,22.81,0.39,0.06,0.001,0.069,-2.6,8.5,15.29,1.00,0.14,13.52,22.63,21.86,0.39,0.05,0.011,0.015,-1.9,2.7,14.21,12 41 39.39,+12 14 50.040
91,93,R,,S,21.63,,2.942,3.41,,0.075,19.76,20.03,,3.016,3.32,,0.063,18.42,3.53,21.84,20.47,0.10,0.10,-0.001,0.006,59.2,48.7,15.74,1.56,0.01,3.43,20.06,18.85,0.11,0.10,0.000,0.005,36.3,36.0,14.18,12 29 35.05,+08 03 29.008
92,94,R,,S,23.30,,1.136,10.41,,,,22.23,,1.178,10.72,,,,10.41,23.33,22.55,0.55,0.05,-0.020,0.100,-49.9,2.4,15.47,1.14,0.10,10.72,22.39,21.45,0.57,0.06,-0.015,0.021,-49.5,2.7,14.31,12 38 06.74,+10 04 56.220
93,95,R,,S,25.25,,1.907,26.30,,0.231,20.94,23.74,,1.622,22.38,,0.265,19.84,26.53,25.27,24.27,0.09,0.04,-0.008,0.029,50.0,63.2,15.15,1.21,0.13,22.50,23.72,22.82,0.13,0.05,0.001,0.038,52.7,75.9,14.06,12 34 06.81,+12 44 29.660
94,96,R,,S,24.49,,1.601,18.50,,0.057,20.88,23.39,,1.712,21.16,,0.050,19.94,18.61,24.55,23.58,0.10,0.06,-0.002,0.019,-11.0,45.4,15.24,1.28,0.17,21.27,23.52,22.44,0.09,0.05,0.003,0.024,-14.3,70.1,13.81,12 29 23.53,+12 27 03.160
95,97,R,,S,22.64,,1.522,7.06,,0.024,20.12,21.45,,1.508,6.87,,0.025,18.94,7.18,22.68,21.78,0.20,0.06,-0.003,0.008,-47.1,3.5,15.51,1.16,0.05,6.99,21.58,20.59,0.20,0.05,-0.004,0.016,-46.1,4.2,14.37,12 40 11.23,+09 53 46.504
96,98,R,1,cS,31.34,0.377,15.578,490.00,0.37,,,26.35,0.281,7.104,76.82,0.38,,,497.50,,29.26,0.24,0.04,-0.006,0.016,57.1,8.1,13.79,1.19,0.13,77.23,26.57,24.67,0.23,0.05,-0.004,0.015,55.0,6.2,13.24,12 33 34.72,+11 15 42.280
97,99,R,,S,23.66,,0.993,10.40,,0.051,22.39,22.65,,1.012,11.09,,0.058,21.54,10.46,23.68,22.98,0.35,0.06,0.003,0.067,63.8,13.5,15.89,1.08,0.17,11.15,22.75,21.96,0.35,0.13,-0.010,0.065,68.5,34.9,14.73,12 33 13.93,+10 55 42.080
98,100,R,,S,26.49,,2.342,58.07,,0.079,20.31,24.63,,1.931,39.27,,0.082,19.28,58.50,,25.39,0.08,0.06,-0.014,0.052,75.4,40.7,14.55,1.28,0.22,39.49,24.60,23.61,0.05,0.10,0.007,0.043,-77.3,59.8,13.63,12 36 24.75,+10 23 05.120
