recno,Name,f_Name,Dist,e_Dist,logBHMass,E_logBHMass,e_logBHMass,logsigma,e_logsigma,logLk,e_logLk,logRe,e_logRe,cov,C28,e_C28,logAGN,e_logAGN,Meth,Refs,SimbadName,NED,_RA,_DE
1,3C120,,141.4,14.1,7.73,0.15,0.15,2.21,0.05,11.20,0.09,1.00,0.06,0.05,3.8,0.2,11.39,0.00,reverb,45,3C120,NED,68.29623,5.35434
2,3C390.3,,240.3,24.0,8.62,0.16,0.16,2.44,0.03,11.25,0.10,0.64,0.09,0.14,3.9,0.8,11.26,0.04,reverb,26,3C390.3,NED,280.53746,79.77142
3,A1836BCG,,152.4,8.4,9.57,0.06,0.06,2.46,0.02,11.75,0.06,0.89,0.06,0.04,4.9,0.5,,,gas,19,MCG-02-36-002,NED,210.42444,-11.60699
4,A3565BCG,,49.2,3.6,9.11,0.07,0.07,2.51,0.02,11.83,0.07,0.98,0.06,0.04,5.3,0.2,,,gas,19,IC 4296,NED,204.16272,-33.96592
5,Ark120,,140.1,14.0,8.05,0.17,0.17,2.28,0.02,11.20,0.09,0.74,0.07,0.05,3.9,0.4,11.53,0.00,reverb,27,Ark120,NED,79.04748,-0.14990
6,Arp151,,90.3,9.0,6.65,0.16,0.16,2.07,0.01,10.62,0.09,0.45,0.13,0.10,10.9,3.3,,,reverb,8,Arp151,NED,171.40063,54.38259
7,Circinus,,2.8,0.5,6.06,0.10,0.10,2.20,0.05,10.22,0.12,0.18,0.13,0.09,6.7,0.6,,,maser,36,NAME Circinus Galaxy,NED,213.29127,-65.33902
8,CygnusA,,257.1,25.7,9.41,0.13,0.13,2.43,0.02,12.24,0.10,1.46,0.08,0.05,4.4,0.4,,,gas,81,NAME Cygnus A,NED,299.86815,40.73392
9,ESO558-009,,102.5,10.2,7.22,0.03,0.03,2.23,0.05,11.13,0.10,0.68,0.13,0.09,5.6,0.7,10.10,0.09,maser,34,ESO558-009,NED,106.08751,-21.58871
10,Fairall9,,201.4,20.1,8.27,0.21,0.21,2.35,0.08,11.57,0.09,0.88,0.07,0.07,4.1,0.7,11.42,0.02,reverb,"71,88",Fairall9,NED,20.94062,-58.80574
11,Henize2-10,,9.0,0.9,0.00,7.00,0.00,1.54,0.19,9.68,0.10,-0.33,0.10,0.06,5.1,0.7,,,star,62,Hen 2-10,NED,129.06329,-26.40935
12,IC0342,,3.7,0.4,6.41,0.29,6.41,1.78,0.17,10.65,0.10,0.83,0.11,0.13,3.4,0.2,,,gas,7,IC0342,NED,56.70214,68.09611
13,IC1459,,28.9,3.7,9.39,0.08,0.08,2.53,0.02,11.64,0.11,0.80,0.08,0.05,5.9,0.3,,,star,14,IC1459,NED,344.29420,-36.46222
14,IC1481,,89.9,9.0,7.15,0.13,0.13,1.98,0.12,10.99,0.09,0.50,0.06,0.06,4.4,0.5,9.73,0.12,maser,"43,88",IC1481,NED,349.85458,5.90621
15,IC2560,,41.8,4.2,7.64,0.05,0.05,2.15,0.03,11.26,0.10,1.09,0.10,0.05,4.5,0.5,9.60,0.07,maser,34,IC2560,NED,154.07777,-33.56385
16,IC3639,,44.8,4.5,7.01,0.35,7.01,1.96,0.02,10.76,0.09,0.33,0.05,0.07,3.8,0.5,9.71,0.13,gas,7,IC3639,NED,190.22032,-36.75585
17,J0437+2456,,66.0,6.6,6.45,0.03,0.03,2.04,0.05,10.61,0.08,0.70,0.05,0.04,3.0,0.4,9.57,0.03,maser,34,2MASX J04370366+2456067,NED,69.26533,24.93525
18,Mrk0050,,100.3,10.0,7.40,0.18,0.18,2.03,0.06,10.44,0.08,0.30,0.06,0.07,3.2,0.8,9.93,0.03,reverb,4,Mrk0050,NED,185.85059,2.67900
19,Mrk0079,,95.0,9.5,7.58,0.23,0.23,2.11,0.04,11.17,0.09,0.93,0.06,0.04,3.2,0.3,10.99,0.00,reverb,71,Mrk0079,NED,115.63699,49.80973
20,Mrk0202,,90.0,9.0,6.11,0.28,0.28,1.89,0.02,10.48,0.10,0.35,0.09,0.10,5.8,2.0,9.48,0.21,reverb,8,Mrk0202,NED,184.47901,58.65990
21,Mrk0509,,147.3,14.7,8.03,0.15,0.15,2.26,0.03,11.19,0.10,0.58,0.09,0.09,4.1,0.7,11.54,0.01,reverb,71,Mrk0509,NED,311.04070,-10.72346
22,Mrk0590,,113.0,11.3,7.55,0.18,0.18,2.28,0.01,11.58,0.09,0.96,0.06,0.05,5.1,0.4,11.14,0.01,reverb,71,Mrk0590,NED,33.63991,-0.76674
23,Mrk0817,,134.7,13.5,7.57,0.18,0.18,2.08,0.05,11.17,0.08,0.76,0.05,0.05,3.6,0.6,11.23,0.00,reverb,24,Mrk0817,NED,219.09222,58.79415
24,Mrk1216,,94.0,9.4,9.30,0.70,9.30,2.49,0.01,11.29,0.09,0.47,0.07,0.06,6.6,2.2,,,star,96,Mrk1216,NED,127.19634,-6.94018
25,Mrk1310,,83.8,8.4,6.19,0.19,0.19,1.92,0.03,10.35,0.10,0.28,0.08,0.06,2.8,0.6,10.02,0.01,reverb,8,Mrk1310,NED,180.30980,-3.67805
26,NGC0193,,49.7,5.0,8.40,0.32,0.32,2.27,0.04,11.24,0.08,0.83,0.07,0.05,5.9,0.3,,,gas,7,NGC0193,NED,9.82741,3.33135
27,NGC0205,,0.7,0.1,0.00,4.34,0.00,1.59,0.07,8.66,0.11,-0.25,0.08,0.05,3.4,0.5,,,star,85,NGC0205,NED,10.09198,41.68530
28,NGC0221,,0.8,0.0,6.39,0.19,0.19,1.87,0.02,9.11,0.04,-0.90,0.04,0.02,5.0,0.3,,,star,87,NGC0221,NED,10.67427,40.86517
29,NGC0289,,17.1,1.7,7.38,0.30,7.38,2.03,0.05,10.60,0.08,0.35,0.04,0.04,3.0,0.2,,,gas,7,NGC0289,NED,13.17652,-31.20583
30,NGC0307,,52.8,5.7,8.60,0.06,0.06,2.31,0.01,10.95,0.08,0.44,0.07,0.06,6.5,0.6,,,stars,75,NGC0307,NED,14.13581,-1.77194
31,NGC0315,,57.7,5.8,8.92,0.31,0.31,2.49,0.04,11.79,0.08,1.01,0.05,0.05,4.9,0.2,,,gas,7,NGC0315,NED,14.45368,30.35245
32,NGC0383,,59.2,5.9,8.76,0.32,0.32,2.38,0.03,11.69,0.11,1.09,0.13,0.07,6.1,0.4,,,gas,7,NGC0383,NED,16.85399,32.41256
33,NGC0404,,3.1,0.3,5.65,0.25,0.25,1.39,0.09,9.39,0.10,-0.23,0.09,0.05,4.7,0.3,,,gas,79,NGC0404,NED,17.36292,35.71806
34,NGC0428,,16.1,1.6,4.48,0.37,4.48,1.50,0.07,10.01,0.09,0.51,0.06,0.04,3.4,0.3,,,star,61,NGC0428,NED,18.23212,0.98158
35,NGC0524,,24.2,2.2,8.94,0.05,0.05,2.37,0.02,11.29,0.08,0.56,0.07,0.04,4.7,0.4,,,star,51,NGC0524,NED,21.19878,9.53879
36,NGC0541,,63.7,6.4,8.59,0.34,0.34,2.28,0.01,11.36,0.10,0.92,0.09,0.06,6.1,0.3,,,gas,7,NGC0541,NED,21.43460,-1.37950
37,NGC0598,,0.8,0.1,0.00,3.15,0.00,1.26,0.20,9.39,0.12,0.32,0.10,0.11,2.8,0.4,6.59,0.06,star,"32,60",NGC0598,NED,23.46210,30.65994
38,NGC0613,,15.4,1.5,7.60,0.35,0.35,2.09,0.07,10.97,0.12,0.82,0.11,0.06,4.7,0.3,,,gas,7,NGC0613,NED,23.57598,-29.41849
39,NGC0741,,65.7,6.6,8.67,0.37,0.37,2.37,0.02,11.82,0.09,1.18,0.07,0.05,5.5,0.3,,,gas,7,NGC0741,NED,29.08733,5.62882
40,NGC0788,,47.9,4.8,7.92,0.28,0.28,2.10,0.06,11.14,0.09,0.59,0.09,0.05,4.6,0.6,,,gas,7,NGC0788,NED,30.27687,-6.81583
41,NGC0821,,23.4,1.8,8.22,0.21,0.21,2.32,0.02,11.14,0.08,0.82,0.09,0.05,5.9,0.3,,,star,78,NGC0821,NED,32.08812,10.99487
42,NGC1023,,10.8,0.8,7.62,0.05,0.05,2.22,0.02,10.94,0.07,0.49,0.10,0.06,5.9,0.4,,,star,11,NGC1023,NED,40.10005,39.06325
43,NGC1042,,18.2,1.8,4.40,2.08,4.40,1.64,0.07,10.48,0.09,0.78,0.06,0.05,2.8,0.5,8.03,0.21,star,61,NGC1042,NED,40.09990,-8.43365
44,NGC1052,,18.1,1.8,8.24,0.29,0.29,2.28,0.01,10.92,0.08,0.34,0.05,0.05,5.4,0.3,,,gas,7,NGC1052,NED,40.26999,-8.25576
45,NGC1097,,14.5,1.5,8.14,0.09,0.09,2.29,0.01,11.18,0.10,0.74,0.12,0.08,6.1,0.4,,,CO,66,NGC1097,NED,41.57941,-30.27491
46,NGC1194,,58.0,6.3,7.85,0.05,0.05,2.17,0.07,11.06,0.09,0.74,0.06,0.05,5.8,0.4,9.54,1.89,maser,52,NGC1194,NED,45.95458,-1.10361
47,NGC1271,,84.0,8.4,9.53,0.06,0.06,2.45,0.01,11.07,0.08,0.33,0.07,0.07,9.1,4.0,,,star,92,NGC1271,NED,49.79696,41.35336
48,NGC1275,,70.0,7.0,8.98,0.20,0.20,2.39,0.05,11.84,0.08,1.15,0.05,0.05,4.9,0.2,,,gas,"77,88",NGC1275,NED,49.95067,41.51170
49,NGC1277,,71.0,7.1,9.67,0.15,0.15,2.50,0.01,11.07,0.08,0.15,0.07,0.07,7.8,3.2,,,star,93,NGC1277,NED,49.96453,41.57341
50,NGC1316,,18.6,0.6,8.18,0.25,0.25,2.35,0.02,11.91,0.06,1.20,0.13,0.07,6.0,0.3,,,star,64,NGC1316,NED,50.67412,-37.20820
51,NGC1320,,49.1,4.9,6.74,0.16,0.16,2.15,0.05,11.01,0.09,0.60,0.08,0.07,5.2,0.4,9.21,3.27,maser,34,NGC1320,NED,51.20294,-3.04230
52,NGC1332,,22.3,1.9,8.83,0.04,0.04,2.52,0.02,11.31,0.08,0.68,0.12,0.06,6.9,0.6,,,CO,6,NGC1332,NED,51.57217,-21.33537
53,NGC1358,,48.2,4.8,8.37,0.32,0.32,2.23,0.05,11.28,0.11,0.94,0.12,0.07,5.9,0.5,,,gas,7,NGC1358,NED,53.41545,-5.08957
54,NGC1374,,19.2,0.7,8.76,0.06,0.06,2.31,0.02,10.67,0.03,0.24,0.03,0.02,5.2,0.3,,,star,74,NGC1374,NED,53.81916,-35.22625
55,NGC1386,,16.1,1.6,6.07,0.29,0.29,2.22,0.02,10.51,0.08,0.25,0.06,0.05,5.5,0.3,8.66,1.93,maser,12,NGC1386,NED,54.19266,-35.99927
56,NGC1398,,24.8,4.1,8.03,0.08,0.08,2.37,0.01,11.66,0.15,0.91,0.11,0.08,5.6,0.4,,,stars,75,NGC1398,NED,54.71721,-26.33784
57,NGC1399,,20.9,0.7,8.94,0.31,0.31,2.53,0.02,11.54,0.05,0.74,0.09,0.05,5.6,0.4,,,star,"33,42",NGC1399,NED,54.62118,-35.45074
58,NGC1407,,28.0,3.4,9.65,0.08,0.08,2.45,0.02,11.72,0.12,0.97,0.11,0.08,5.4,0.5,,,star,74,NGC1407,NED,55.04960,-18.58038
59,NGC1428,,20.7,2.1,0.00,7.00,0.00,1.91,0.02,9.89,0.09,0.04,0.06,0.05,3.8,0.3,,,star,54,NGC1428,NED,55.59542,-35.15333
60,NGC1493,,11.4,1.1,5.40,0.51,5.40,1.55,0.07,9.96,0.12,0.51,0.09,0.07,3.1,0.6,,,star,61,NGC1493,NED,59.36409,-46.21074
61,NGC1497,,75.3,7.5,8.63,0.19,0.19,2.39,0.04,11.32,0.08,0.73,0.05,0.05,5.4,0.4,,,gas,7,NGC1497,NED,60.52835,23.13291
62,NGC1550,,51.6,5.6,9.57,0.07,0.07,2.48,0.02,11.32,0.10,0.66,0.08,0.05,5.8,0.4,,,star,74,NGC1550,NED,64.90800,2.40988
63,NGC1600,,64.0,6.4,10.23,0.04,0.04,2.47,0.02,11.86,0.08,1.08,0.05,0.04,4.9,0.2,,,star,82,NGC1600,NED,67.91607,-5.08610
64,NGC1667,,56.1,5.6,8.20,0.23,0.23,2.24,0.07,11.32,0.10,0.69,0.08,0.05,3.9,0.6,,,gas,7,NGC1667,NED,72.15502,-6.31985
65,NGC1961,,48.6,4.9,8.29,0.34,0.34,2.34,0.08,11.74,0.09,1.20,0.07,0.05,5.5,0.4,,,gas,7,NGC1961,NED,85.51990,69.37838
66,NGC2110,,29.1,2.9,8.12,0.64,0.64,2.30,0.05,11.04,0.08,0.40,0.06,0.05,5.6,0.4,,,gas,7,NGC2110,NED,88.04752,-7.45617
67,NGC2179,,35.8,3.6,8.31,0.23,0.23,2.19,0.03,10.86,0.10,0.53,0.08,0.05,5.9,0.4,,,gas,7,NGC2179,NED,92.00919,-21.74667
68,NGC2273,,29.5,1.9,6.93,0.04,0.04,2.16,0.05,10.98,0.07,0.60,0.09,0.05,5.8,0.5,,,maser,52,NGC2273,NED,102.53610,60.84569
69,NGC2329,,72.3,7.2,8.18,0.18,0.18,2.34,0.03,11.46,0.10,0.84,0.08,0.06,5.4,0.3,,,gas,7,NGC2329,NED,107.28321,48.61560
70,NGC2549,,12.7,1.6,7.16,0.37,0.37,2.15,0.02,10.29,0.10,0.05,0.05,0.05,5.4,0.2,,,star,51,NGC2549,NED,124.74311,57.80311
71,NGC2685,,12.5,1.3,6.59,0.41,6.59,2.02,0.02,10.20,0.09,0.20,0.08,0.05,5.1,0.3,,,gas,7,NGC2685,NED,133.89479,58.73441
72,NGC2748,,23.4,8.2,7.65,0.24,0.24,2.06,0.02,10.62,0.25,0.53,0.14,0.13,4.2,0.3,,,gas,1,NGC2748,NED,138.42932,76.47534
73,NGC2778,,23.4,2.3,7.16,0.30,7.16,2.12,0.02,10.27,0.08,0.08,0.06,0.05,5.1,0.4,,,star,78,NGC2778,NED,138.10164,35.02742
74,NGC2787,,7.4,1.2,7.61,0.09,0.09,2.28,0.02,10.21,0.13,-0.02,0.07,0.06,4.9,0.3,,,gas,76,NGC2787,NED,139.82724,69.20340
75,NGC2892,,86.2,8.6,8.43,0.11,0.11,2.47,0.03,11.54,0.08,0.83,0.07,0.05,5.2,0.4,,,gas,7,NGC2892,NED,143.22041,67.61740
76,NGC2903,,10.4,1.0,7.06,0.28,7.06,1.97,0.06,11.06,0.12,0.73,0.11,0.04,3.3,0.3,,,gas,7,NGC2903,NED,143.04213,21.50083
77,NGC2960,,67.1,7.1,7.03,0.05,0.05,2.18,0.02,11.14,0.09,0.73,0.08,0.08,5.7,0.3,10.02,0.11,maser,"52,88",NGC2960,NED,145.15157,3.57693
78,NGC2964,,19.7,2.0,6.73,0.61,6.73,1.97,0.09,10.63,0.08,0.41,0.05,0.05,4.0,0.4,,,gas,7,NGC2964,NED,145.72605,31.84721
79,NGC2974,,21.5,2.4,8.23,0.09,0.09,2.36,0.02,11.04,0.09,0.55,0.07,0.06,5.8,0.4,,,stars,15,NGC2974,NED,145.63861,-3.69912
80,NGC3021,,22.4,2.2,7.26,0.30,7.26,1.70,0.20,10.40,0.09,0.31,0.06,0.04,3.6,0.3,,,gas,7,NGC3021,NED,147.73797,33.55347
81,NGC3031,,3.6,0.1,7.81,0.13,0.13,2.15,0.02,10.93,0.08,0.44,0.11,0.04,5.0,0.3,,,gas,25,NGC3031,NED,148.88822,69.06529
82,NGC3078,,32.8,3.3,7.91,0.42,0.42,2.32,0.03,11.27,0.09,0.55,0.07,0.05,5.6,0.4,9.57,0.04,gas,7,NGC3078,NED,149.60257,-26.92687
83,NGC3079,,15.9,1.2,6.40,0.05,0.05,2.16,0.02,10.86,0.07,0.63,0.05,0.03,5.4,0.4,,,maser,"84,95;46",NGC3079,NED,150.49085,55.67979
84,NGC3081,,33.5,3.4,7.20,0.30,0.30,2.09,0.03,10.96,0.11,0.66,0.13,0.06,5.4,0.6,,,gas,7,NGC3081,NED,149.87305,-22.82620
85,NGC3091,,51.2,8.3,9.56,0.07,0.07,2.49,0.02,11.62,0.12,0.89,0.09,0.07,5.7,0.4,,,star,74,NGC3091,NED,150.05885,-19.63648
86,NGC3115,,9.5,0.4,8.95,0.09,0.09,2.36,0.02,10.98,0.04,0.42,0.06,0.03,5.4,0.3,,,star,28,NGC3115,NED,151.30824,-7.71858
87,NGC3227,,23.8,2.6,7.32,0.23,0.23,2.12,0.04,11.21,0.13,1.03,0.14,0.06,4.9,0.4,9.51,0.12,star,20,NGC3227,NED,155.87737,19.86508
88,NGC3245,,21.4,2.0,8.38,0.11,0.11,2.25,0.02,10.86,0.09,0.39,0.05,0.05,5.5,0.3,9.26,0.15,gas,2,NGC3245,NED,156.82652,28.50744
89,NGC3310,,17.4,1.7,6.70,0.92,6.70,1.92,0.02,10.42,0.09,0.07,0.08,0.05,4.7,0.8,,,gas,70,NGC3310,NED,159.69107,53.50330
90,NGC3351,,9.3,0.9,6.52,0.26,6.52,1.97,0.07,10.76,0.10,0.59,0.11,0.06,4.9,0.4,,,gas,7,NGC3351,NED,160.99055,11.70361
91,NGC3368,,10.4,1.0,6.88,0.08,0.08,2.08,0.09,10.95,0.07,0.49,0.06,0.05,5.7,0.4,,,star,65,NGC3368,NED,161.69060,11.81994
92,NGC3377,,11.0,0.5,8.25,0.25,0.25,2.11,0.02,10.52,0.06,0.36,0.11,0.06,5.9,0.4,,,star,78,NGC3377,NED,161.92667,13.98564
93,NGC3379,,10.7,0.5,8.62,0.11,0.11,2.27,0.02,11.01,0.06,0.48,0.09,0.05,6.3,0.5,,,star,87,NGC3379,NED,161.95667,12.58163
94,NGC3384,,11.5,0.7,7.03,0.21,0.21,2.14,0.02,10.85,0.09,0.49,0.21,0.14,7.1,0.7,,,star,78,NGC3384,NED,162.07040,12.62930
95,NGC3393,,49.2,8.2,7.20,0.33,0.33,2.17,0.03,11.15,0.15,0.78,0.11,0.09,5.8,0.4,9.52,0.14,maser,47,NGC3393,NED,162.09778,-25.16203
96,NGC3414,,25.2,2.7,8.40,0.07,0.07,2.28,0.02,10.99,0.11,0.46,0.08,0.05,5.5,0.3,,,stars,15,NGC3414,NED,162.81767,27.97497
97,NGC3423,,14.6,1.5,5.18,0.67,5.18,1.62,0.07,10.35,0.09,0.71,0.07,0.04,3.6,0.2,,,star,61,NGC3423,NED,162.80975,5.84010
98,NGC3489,,12.1,0.8,6.78,0.05,0.05,2.01,0.02,10.60,0.07,0.18,0.08,0.06,5.9,0.5,9.15,0.05,star,65,NGC3489,NED,165.07745,13.90126
99,NGC3585,,20.5,1.7,8.52,0.13,0.13,2.33,0.02,11.42,0.07,0.80,0.07,0.04,5.7,0.3,,,star,37,NGC3585,NED,168.32129,-26.75499
100,NGC3607,,22.6,1.8,8.14,0.16,0.16,2.32,0.02,11.35,0.07,0.60,0.09,0.05,5.8,0.5,,,star,37,NGC3607,NED,169.22774,18.05181
101,NGC3608,,22.8,1.5,8.67,0.10,0.10,2.23,0.02,10.92,0.07,0.47,0.06,0.04,5.5,0.3,,,star,78,NGC3608,NED,169.24570,18.14853
102,NGC3621,,6.6,0.7,6.00,0.48,6.00,1.79,0.03,10.46,0.10,0.63,0.11,0.06,4.9,0.6,,,star,3,NGC3621,NED,169.56792,-32.81260
103,NGC3627,,10.1,1.1,6.93,0.05,0.05,2.09,0.01,11.02,0.09,0.63,0.07,0.05,4.0,0.4,,,stars,75,NGC3627,NED,170.06261,12.99129
104,NGC3642,,21.6,2.2,7.42,0.04,7.42,1.97,0.11,10.35,0.10,0.27,0.06,0.05,4.5,0.3,,,gas,7,NGC3642,NED,170.57506,59.07424
105,NGC3665,,34.7,6.7,8.76,0.09,0.09,2.34,0.02,11.50,0.15,0.80,0.09,0.08,5.4,0.3,,,CO,67,NGC3665,NED,171.18179,38.76279
106,NGC3675,,12.4,1.2,7.26,0.29,7.26,2.02,0.02,10.83,0.09,0.55,0.06,0.05,4.0,0.2,,,gas,7,NGC3675,NED,171.53577,43.58592
107,NGC3706,,46.0,4.6,9.77,0.06,0.06,2.51,0.01,11.58,0.08,0.80,0.05,0.04,5.8,0.4,,,star,39,NGC3706,NED,172.43510,-36.39126
108,NGC3783,,41.7,4.2,7.36,0.19,0.19,1.98,0.05,11.06,0.10,0.69,0.06,0.05,3.6,0.4,10.58,0.01,reverb,68,NGC3783,NED,174.75717,-37.73850
109,NGC3801,,46.3,4.6,8.28,0.31,0.31,2.32,0.04,11.22,0.09,0.78,0.09,0.06,5.5,0.4,,,gas,7,NGC3801,NED,175.07040,17.72791
110,NGC3842,,92.2,10.6,9.96,0.14,0.14,2.44,0.02,11.81,0.11,1.11,0.07,0.06,5.4,0.2,,,star,56a,NGC3842,NED,176.00905,19.94982
111,NGC3862,,84.6,8.5,8.41,0.37,0.37,2.32,0.03,11.59,0.09,1.08,0.10,0.07,6.5,0.3,,,gas,7,NGC3862,NED,176.27087,19.60632
112,NGC3923,,20.9,2.7,9.45,0.12,0.12,2.35,0.02,11.50,0.11,0.89,0.10,0.06,5.1,0.4,,,stars,75,NGC3923,NED,177.75743,-28.80621
113,NGC3945,,19.5,2.0,6.94,0.46,6.94,2.25,0.02,10.89,0.09,0.29,0.07,0.05,4.8,0.4,,,star,37,NGC3945,NED,178.30719,60.67556
114,NGC3953,,15.4,1.5,7.33,0.29,0.29,2.11,0.01,11.05,0.10,0.87,0.09,0.05,4.7,0.4,,,gas,7,NGC3953,NED,178.45428,52.32654
115,NGC3982,,15.9,1.6,6.95,0.26,6.95,1.89,0.01,10.23,0.09,0.16,0.06,0.05,3.2,0.4,,,gas,7,NGC3982,NED,179.11737,55.12536
116,NGC3992,,15.3,1.5,7.51,0.28,0.28,2.09,0.06,11.15,0.12,1.07,0.13,0.06,4.3,0.5,,,gas,7,NGC3992,NED,179.39993,53.37452
117,NGC3998,,14.3,1.3,8.93,0.05,0.05,2.35,0.02,10.71,0.07,0.11,0.06,0.05,5.6,0.3,9.15,0.27,star,90,NGC3998,NED,179.48389,55.45359
118,NGC4026,,13.4,1.7,8.26,0.12,0.12,2.19,0.02,10.55,0.11,0.22,0.07,0.07,6.0,0.3,,,star,37,NGC4026,NED,179.85495,50.96169
119,NGC4036,,19.0,1.9,7.89,0.36,0.36,2.26,0.02,10.90,0.09,0.43,0.06,0.04,5.0,0.3,,,gas,7,NGC4036,NED,180.36205,61.89570
120,NGC4051,,10.0,1.0,6.10,0.25,0.25,1.95,0.01,10.28,0.08,0.60,0.04,0.04,3.5,0.2,9.28,0.01,reverb,23,NGC4051,NED,180.79036,44.53126
121,NGC4088,,11.9,1.2,6.79,0.29,6.79,1.93,0.02,10.50,0.08,0.55,0.04,0.04,3.2,0.1,,,gas,7,NGC4088,NED,181.39245,50.53903
122,NGC4143,,14.8,1.5,7.92,0.36,0.36,2.25,0.02,10.55,0.08,0.04,0.05,0.05,5.3,0.4,,,gas,7,NGC4143,NED,182.40036,42.53422
123,NGC4150,,12.8,1.3,5.94,0.44,5.94,1.91,0.02,10.08,0.10,0.00,0.06,0.05,5.7,0.4,,,gas,7,NGC4150,NED,182.64023,30.40149
124,NGC4151,,20.0,2.8,7.81,0.08,0.08,1.98,0.01,10.96,0.13,0.60,0.12,0.08,7.1,0.3,10.23,0.03,star,69,NGC4151,NED,182.63572,39.40580
125,NGC4203,,14.1,1.4,7.82,0.26,0.26,2.11,0.02,10.76,0.11,0.42,0.13,0.07,5.8,0.4,,,gas,7,NGC4203,NED,183.77100,33.19730
126,NGC4212,,3.2,0.3,5.99,0.42,5.99,1.83,0.02,9.10,0.09,-0.19,0.05,0.04,3.1,0.4,,,gas,7,NGC4212,NED,183.91406,13.90147
127,NGC4245,,14.6,1.5,7.19,0.48,7.19,1.92,0.02,10.42,0.10,0.41,0.09,0.06,5.1,0.3,,,gas,7,NGC4245,NED,184.40326,29.60800
128,NGC4253,,55.4,5.5,6.80,0.17,0.17,1.94,0.16,10.69,0.10,0.61,0.06,0.05,2.9,0.5,10.53,0.00,reverb,8,NGC4253,NED,184.61035,29.81282
129,NGC4258,,7.3,0.5,7.58,0.03,0.03,2.06,0.04,10.90,0.08,0.64,0.08,0.03,4.1,0.3,8.53,0.07,maser,41,NGC4258,NED,184.74008,47.30372
130,NGC4261,,32.4,2.8,8.72,0.10,0.10,2.42,0.02,11.60,0.09,0.86,0.12,0.06,5.5,0.5,,,gas,29,NGC4261,NED,184.84673,5.82492
131,NGC4278,,15.0,1.5,7.96,0.27,0.27,2.33,0.02,10.87,0.09,0.24,0.09,0.07,5.4,0.6,,,gas,7,NGC4278,NED,185.02844,29.28075
132,NGC4291,,26.6,3.9,8.99,0.16,0.16,2.38,0.02,10.95,0.13,0.44,0.11,0.08,6.8,0.5,,,star,78,NGC4291,NED,185.07375,75.37096
133,NGC4303,,17.9,1.8,6.51,0.74,0.74,1.92,0.02,11.17,0.12,0.81,0.11,0.05,3.9,0.7,,,gas,70,NGC4303,NED,185.47896,4.47359
134,NGC4314,,15.5,1.5,6.91,0.30,6.91,2.03,0.01,10.90,0.11,0.81,0.12,0.06,5.2,0.4,,,gas,7,NGC4314,NED,185.63324,29.89530
135,NGC4321,,14.2,1.4,6.67,0.17,6.67,1.92,0.02,11.14,0.11,0.98,0.13,0.08,4.2,0.7,,,gas,7,NGC4321,NED,185.72875,15.82238
136,NGC4335,,59.1,5.9,8.39,0.31,0.31,2.41,0.01,11.30,0.09,0.60,0.07,0.05,5.8,0.5,,,gas,7,NGC4335,NED,185.75795,58.44471
137,NGC4342,,22.9,1.4,8.66,0.19,0.19,2.38,0.02,10.44,0.05,-0.24,0.06,0.04,8.6,3.6,,,star,18,NGC4342,NED,185.91260,7.05394
138,NGC4350,,17.0,1.7,8.58,0.41,0.41,2.24,0.02,10.69,0.09,0.23,0.07,0.05,6.0,0.4,,,star,73,NGC4350,NED,185.99089,16.69336
139,NGC4371,,16.9,1.5,6.84,0.07,0.07,2.16,0.02,10.78,0.08,0.40,0.05,0.04,4.7,0.3,,,stars,75,NGC4371,NED,186.23096,11.70429
140,NGC4374,,18.5,0.6,8.97,0.05,0.05,2.41,0.02,11.40,0.03,0.57,0.03,0.02,5.0,0.2,,,gas,89,NGC4374,NED,186.26560,12.88698
141,NGC4382,,17.9,1.8,7.11,1.24,7.11,2.25,0.02,11.50,0.09,0.86,0.08,0.05,4.8,0.5,,,star,38,NGC4382,NED,186.35022,18.19108
142,NGC4388,,16.5,1.6,6.86,0.04,0.04,2.03,0.03,10.72,0.08,0.75,0.08,0.05,5.2,0.5,8.71,0.05,maser,52,NGC4388,NED,186.44508,12.66207
143,NGC4429,,18.2,1.8,7.85,0.35,0.35,2.25,0.02,11.42,0.15,1.04,0.18,0.06,5.2,0.4,,,gas,7,NGC4429,NED,186.86066,11.10754
144,NGC4435,,17.0,1.7,0.00,6.30,0.00,2.18,0.02,10.70,0.09,0.14,0.05,0.05,5.2,0.3,,,star,17,NGC4435,NED,186.91876,13.07902
145,NGC4450,,28.3,2.8,8.06,0.28,8.06,2.03,0.06,11.60,0.11,1.11,0.11,0.06,4.7,0.5,,,gas,7,NGC4450,NED,187.12347,17.08495
146,NGC4459,,16.0,0.5,7.84,0.09,0.09,2.20,0.02,10.94,0.04,0.42,0.06,0.03,5.8,0.3,,,gas,76,NGC4459,NED,187.25011,13.97858
147,NGC4472,,17.1,0.6,9.40,0.04,0.04,2.40,0.02,11.75,0.07,0.89,0.11,0.04,5.2,0.6,,,star,74,NGC4472,NED,187.44499,8.00041
148,NGC4473,,15.2,0.5,7.95,0.24,0.24,2.27,0.02,10.89,0.03,0.38,0.05,0.03,5.8,0.3,,,star,78,NGC4473,NED,187.45366,13.42932
149,NGC4477,,20.8,2.1,7.55,0.30,0.30,2.17,0.02,11.17,0.11,0.69,0.10,0.06,5.1,0.4,,,gas,7,NGC4477,NED,187.50905,13.63644
150,NGC4486,,16.7,0.6,9.58,0.10,0.10,2.42,0.02,11.61,0.05,0.82,0.07,0.03,5.7,0.6,7.57,4.13,gas,91,NGC4486,NED,187.70593,12.39112
151,NGC4486A,,16.0,0.5,7.10,0.15,0.15,2.09,0.02,10.08,0.05,-0.19,0.06,0.03,4.9,0.7,,,star,63,NGC4486A,NED,187.74054,12.27036
152,NGC4486B,,16.5,0.6,8.60,0.02,0.02,2.23,0.02,9.75,0.05,-0.70,0.12,0.10,4.8,2.7,,,star,75,NGC4486B,NED,187.63327,12.49024
153,NGC4501,,16.5,1.1,7.30,0.08,0.08,2.20,0.01,11.27,0.07,0.72,0.04,0.03,3.5,0.2,9.23,0.07,stars,75,NGC4501,NED,187.99673,14.42041
154,NGC4507,,47.0,4.7,7.18,0.35,0.35,2.16,0.02,11.08,0.09,0.62,0.06,0.04,4.1,0.3,10.38,0.02,gas,7,NGC4507,NED,188.90257,-39.90921
155,NGC4526,,16.4,1.8,8.65,0.12,0.12,2.32,0.02,11.22,0.09,0.54,0.10,0.07,5.6,0.6,,,gas,21,NGC4526,NED,188.51262,7.69914
156,NGC4548,,17.9,1.8,7.25,0.29,0.29,2.16,0.04,11.27,0.16,1.08,0.17,0.07,4.2,0.5,,,gas,7,NGC4548,NED,188.86012,14.49632
157,NGC4552,,15.3,1.0,8.70,0.05,0.05,2.35,0.02,11.11,0.06,0.45,0.07,0.05,6.3,0.4,,,stars,15,NGC4552,NED,188.91590,12.55630
158,NGC4564,,15.9,0.5,7.95,0.12,0.12,2.19,0.02,10.67,0.04,0.42,0.06,0.03,6.5,0.3,,,star,78,NGC4564,NED,189.11247,11.43932
159,NGC4579,,23.0,2.3,7.96,0.36,7.96,2.04,0.06,11.61,0.12,1.03,0.13,0.07,4.9,0.6,,,gas,7,NGC4579,NED,189.43165,11.81809
160,NGC4593,,38.5,3.9,6.86,0.21,0.21,2.13,0.02,11.35,0.09,0.98,0.09,0.06,5.6,0.3,10.28,0.04,reverb,5,NGC4593,NED,189.91455,-5.34421
161,NGC4594,,9.9,0.8,8.82,0.05,0.05,2.38,0.02,11.39,0.08,0.74,0.08,0.04,4.2,0.2,,,star,44,NGC4594,NED,189.99763,-11.62305
162,NGC4596,,16.5,6.2,7.89,0.26,0.26,2.10,0.02,10.97,0.26,0.70,0.16,0.14,5.3,0.3,,,gas,76,NGC4596,NED,189.98306,10.17603
163,NGC4621,,18.3,3.0,8.60,0.09,0.09,2.30,0.02,11.19,0.12,0.53,0.06,0.06,5.2,0.2,,,stars,15,NGC4621,NED,190.50967,11.64693
164,NGC4649,,16.5,0.6,9.67,0.10,0.10,2.43,0.02,11.66,0.06,0.90,0.10,0.05,5.8,0.5,,,star,80,NGC4649,NED,190.91670,11.55261
165,NGC4697,,12.5,0.4,8.31,0.11,0.11,2.23,0.02,11.08,0.05,0.64,0.07,0.03,4.9,0.3,,,star,78,NGC4697,NED,192.14961,-5.80085
166,NGC4698,,16.4,1.6,7.76,0.16,0.16,2.09,0.03,10.82,0.10,0.56,0.08,0.05,5.0,0.2,,,gas,7,NGC4698,NED,192.09557,8.48724
167,NGC4742,,15.7,1.6,7.10,0.15,0.15,1.95,0.02,10.46,0.09,0.06,0.11,0.08,7.8,1.0,,,star,83,NGC4742,NED,192.95017,-10.45479
168,NGC4748,,62.7,6.3,6.36,0.26,0.26,2.02,0.05,10.82,0.09,0.62,0.06,0.04,3.4,0.3,10.30,0.01,reverb,8,NGC4748,NED,193.05188,-13.41467
169,NGC4751,,26.9,2.9,9.15,0.06,0.06,2.55,0.02,10.95,0.09,0.52,0.07,0.05,6.4,0.4,,,star,74,NGC4751,NED,193.21167,-42.65996
170,NGC4800,,12.5,1.3,7.02,0.53,7.02,2.01,0.01,10.23,0.08,0.01,0.05,0.04,4.2,0.2,,,gas,7,NGC4800,NED,193.65740,46.53114
171,NGC4889,,102.0,5.2,10.32,0.44,0.44,2.56,0.02,12.13,0.05,1.34,0.05,0.03,5.6,0.2,,,star,56a,NGC4889,NED,195.03374,27.97702
172,NGC4945,,3.7,0.4,6.14,0.18,0.18,2.13,0.02,10.80,0.12,0.77,0.12,0.08,3.9,0.4,,,maser,35,NGC4945,NED,196.36366,-49.46790
173,NGC5005,,14.6,1.5,8.27,0.23,0.23,2.30,0.02,11.10,0.09,0.54,0.06,0.04,5.0,0.2,,,gas,7,NGC5005,NED,197.73463,37.05894
174,NGC5055,,8.7,0.9,8.92,0.10,0.10,2.00,0.02,11.13,0.10,0.77,0.09,0.05,4.7,0.5,,,gas,10,NGC5055,NED,198.95554,42.02929
175,NGC5077,,38.7,8.4,8.93,0.27,0.27,2.35,0.02,11.26,0.16,0.52,0.08,0.08,5.1,0.3,,,gas,22,NGC5077,NED,199.88196,-12.65697
176,NGC5127,,62.5,6.3,8.27,0.41,0.41,2.29,0.11,11.35,0.09,0.96,0.07,0.05,5.4,0.3,,,gas,7,NGC5127,NED,200.93741,31.56580
177,NGC5128,,3.6,0.2,7.76,0.08,0.08,2.18,0.02,11.04,0.06,0.41,0.06,0.03,4.9,0.4,,,star,16,NGC5128,NED,201.36506,-43.01911
178,NGC5248,,17.9,1.8,6.30,0.38,0.38,2.10,0.04,10.97,0.09,0.69,0.06,0.05,4.7,0.2,8.86,0.06,gas,7,NGC5248,NED,204.38362,8.88506
179,NGC5252,,103.7,10.4,9.07,0.34,0.34,2.28,0.02,11.49,0.09,0.88,0.06,0.05,5.2,0.3,,,gas,13,NGC5252,NED,204.56612,4.54251
180,NGC5273,,15.5,1.5,6.61,0.27,0.27,1.82,0.02,10.29,0.09,0.36,0.07,0.05,4.1,0.2,7.49,3.18,reverb,"9,88",NGC5273,NED,205.53494,35.65424
181,NGC5283,,34.5,3.5,7.41,0.33,0.33,2.13,0.04,10.44,0.08,0.06,0.05,0.06,5.3,0.7,,,gas,7,NGC5283,NED,205.27390,67.67215
182,NGC5328,,64.1,7.0,9.67,0.16,0.16,2.52,0.02,11.71,0.09,0.94,0.06,0.05,6.0,0.3,,,star,74,NGC5328,NED,208.22214,-28.48927
183,NGC5347,,32.3,3.2,7.21,0.42,7.21,1.80,0.08,10.54,0.09,0.59,0.07,0.05,5.2,0.3,,,gas,7,NGC5347,NED,208.32439,33.49076
184,NGC5419,,56.2,6.1,9.86,0.14,0.14,2.57,0.01,12.00,0.09,1.26,0.07,0.05,5.5,0.2,,,stars,75,NGC5419,NED,210.91155,-33.97839
185,NGC5427,,36.3,3.6,7.58,0.30,7.58,1.80,0.08,11.12,0.13,0.88,0.12,0.05,4.2,0.5,,,gas,7,NGC5427,NED,210.85854,-6.03081
186,NGC5457,,7.0,0.7,6.41,0.08,6.41,1.35,0.17,10.87,0.13,0.87,0.08,0.07,3.5,0.4,6.93,2.60,star,48,NGC5457,NED,210.80243,54.34875
187,NGC5490,,65.2,6.5,8.73,0.35,0.35,2.41,0.04,11.48,0.09,0.70,0.07,0.05,6.0,0.4,,,gas,7,NGC5490,NED,212.48887,17.54542
188,NGC5495,,126.3,11.6,7.00,0.05,0.05,2.22,0.05,11.76,0.14,1.11,0.15,0.15,3.8,1.9,,,maser,34,NGC5495,NED,213.09730,-27.10798
189,NGC5516,,58.4,6.3,9.52,0.06,0.06,2.48,0.04,11.83,0.09,1.30,0.09,0.06,6.3,0.2,,,star,74,NGC5516,NED,213.97781,-48.11488
190,NGC5548,,73.6,7.4,7.70,0.13,0.13,2.29,0.03,11.21,0.09,0.64,0.06,0.06,5.2,0.6,10.85,0.03,reverb,50,NGC5548,NED,214.49797,25.13679
191,NGC5576,,25.7,1.7,8.44,0.13,0.13,2.19,0.02,11.18,0.06,0.69,0.07,0.04,6.7,0.3,,,star,37,NGC5576,NED,215.26538,3.27105
192,NGC5643,,17.4,1.7,7.05,0.59,7.05,1.95,0.01,11.09,0.12,0.94,0.13,0.06,3.8,0.8,,,gas,7,NGC5643,NED,218.16991,-44.17461
193,NGC5695,,54.6,5.5,8.00,0.32,0.32,2.16,0.01,10.97,0.10,0.64,0.08,0.04,4.6,0.4,,,gas,7,NGC5695,NED,219.34228,36.56779
194,NGC5728,,37.6,3.8,8.05,0.29,0.29,2.28,0.09,11.28,0.10,0.90,0.08,0.05,6.0,0.3,,,gas,7,NGC5728,NED,220.59970,-17.25317
195,NGC5765B,,113.0,11.3,7.66,0.03,0.03,2.20,0.05,11.18,0.08,0.50,0.06,0.06,3.6,0.5,10.15,0.04,maser,31,NGC5765B,NED,222.71463,5.11450
196,NGC5813,,32.2,2.7,8.85,0.06,0.06,2.32,0.02,11.50,0.08,0.96,0.07,0.04,5.5,0.3,,,stars,15,NGC5813,NED,225.29694,1.70197
197,NGC5845,,25.9,4.1,8.69,0.16,0.16,2.36,0.02,10.53,0.13,-0.31,0.10,0.09,5.2,1.2,,,star,78,NGC5845,NED,226.50328,1.63382
198,NGC5846,,24.9,2.3,9.04,0.06,0.06,2.35,0.02,11.46,0.09,0.80,0.10,0.06,5.0,0.5,,,stars,15,NGC5846,NED,226.62189,1.60564
199,NGC5879,,10.6,1.1,6.62,0.28,6.62,1.73,0.06,9.92,0.09,0.08,0.06,0.05,4.5,0.4,,,gas,7,NGC5879,NED,227.44480,57.00021
200,NGC5921,,20.5,2.0,7.07,0.42,7.07,1.93,0.05,10.79,0.12,0.81,0.11,0.05,4.3,0.5,,,gas,7,NGC5921,NED,230.48567,5.07054
201,NGC6086,,138.0,11.5,9.57,0.17,0.17,2.50,0.02,11.87,0.08,1.20,0.08,0.06,6.2,0.4,,,star,56,NGC6086,NED,243.14809,29.48485
202,NGC6240(S),,105.0,10.5,9.17,0.21,0.21,2.44,0.07,11.84,0.09,0.93,0.08,0.05,7.1,1.0,,,star,59,NGC 6240S,NED,253.24567,2.40028
203,NGC6251,,108.4,9.0,8.79,0.16,0.16,2.46,0.02,11.95,0.07,1.13,0.07,0.05,5.8,0.3,,,gas,30,NGC6251,NED,248.13321,82.53789
204,NGC6300,,14.2,1.4,7.14,0.20,7.14,1.94,0.02,10.98,0.11,0.74,0.09,0.05,3.9,0.3,,,gas,7,NGC6300,NED,259.24780,-62.82055
205,NGC6323,,113.4,12.3,7.00,0.05,0.05,2.20,0.07,11.25,0.09,0.91,0.05,0.05,3.3,0.2,9.45,0.14,maser,52,NGC6323,NED,258.32525,43.78233
206,NGC6500,,36.5,3.6,8.34,0.26,0.26,2.33,0.01,10.90,0.08,0.50,0.05,0.05,5.6,0.3,,,gas,7,NGC6500,NED,268.99909,18.33824
207,NGC6503,,5.3,0.5,6.30,0.11,6.30,1.74,0.02,9.92,0.10,0.20,0.06,0.04,3.6,0.6,,,star,48,NGC6503,NED,267.36047,70.14434
208,NGC6814,,22.3,2.2,7.02,0.17,0.17,1.98,0.01,11.04,0.10,0.68,0.06,0.05,3.7,0.4,9.54,0.02,reverb,8,NGC6814,NED,295.66907,-10.32375
209,NGC6861,,27.3,4.5,9.30,0.08,0.08,2.59,0.02,11.14,0.13,0.32,0.08,0.07,5.3,0.4,,,star,74,NGC6861,NED,301.83117,-48.37026
210,NGC6951,,16.0,1.6,6.93,0.19,6.93,1.98,0.04,11.01,0.14,0.85,0.13,0.05,4.7,0.8,,,gas,7,NGC6951,NED,309.30865,66.10564
211,NGC7052,,70.4,8.4,8.60,0.23,0.23,2.42,0.02,11.68,0.09,1.00,0.05,0.05,5.7,0.3,,,gas,86,NGC7052,NED,319.63770,26.44685
212,NGC7331,,12.2,1.2,8.02,0.18,0.18,2.06,0.02,11.14,0.10,0.57,0.08,0.05,4.6,0.4,,,gas,7,NGC7331,NED,339.26709,34.41592
213,NGC7332,,21.7,2.2,7.08,0.18,0.18,2.10,0.02,10.81,0.08,0.40,0.07,0.04,5.9,0.3,9.11,0.14,star,40,NGC7332,NED,339.35217,23.79835
214,NGC7418,,18.4,1.8,5.18,1.78,5.18,1.67,0.06,10.60,0.11,0.75,0.10,0.05,2.5,0.4,,,star,61,NGC7418,NED,344.15067,-37.03008
215,NGC7424,,10.9,1.1,5.18,0.43,5.18,1.34,0.05,9.82,0.11,0.45,0.08,0.05,3.0,0.3,,,star,61,NGC7424,NED,344.32654,-41.07057
216,NGC7457,,12.5,1.2,6.95,0.30,0.30,1.87,0.02,10.25,0.08,0.35,0.04,0.04,3.9,0.1,,,star,78,NGC7457,NED,345.24972,30.14489
217,NGC7582,,22.3,9.8,7.74,0.20,0.20,2.19,0.05,11.21,0.32,0.89,0.19,0.16,6.6,0.4,,,gas,94,NGC7582,NED,349.59842,-42.37057
218,NGC7619,,51.5,7.4,9.40,0.11,0.11,2.51,0.02,11.66,0.12,0.87,0.09,0.07,5.8,0.4,,,star,74,NGC7619,NED,350.06052,8.20629
219,NGC7626,,38.1,3.8,8.58,0.33,0.33,2.37,0.02,11.44,0.09,0.87,0.08,0.05,5.4,0.3,,,gas,7,NGC7626,NED,350.17718,8.21706
220,NGC7682,,59.3,5.9,7.56,0.33,0.33,2.05,0.06,10.96,0.10,0.80,0.10,0.06,5.1,0.4,,,gas,7,NGC7682,NED,352.26623,3.53333
221,NGC7768,,116.0,27.5,9.13,0.18,0.18,2.42,0.02,11.91,0.19,1.15,0.12,0.10,5.7,0.4,,,star,58,NGC7768,NED,357.74414,27.14743
222,SBS1116+583A,,119.4,11.9,6.54,0.20,0.20,1.96,0.02,10.50,0.08,0.44,0.09,0.08,3.9,1.9,9.97,0.08,reverb,8,SBSG 1116+583A,NED,169.74049,58.05656
223,UGC12064,,34.7,6.7,8.84,0.52,0.52,2.41,0.03,10.61,0.17,0.38,0.13,0.12,5.9,0.6,,,gas,7,UGC12064,NED,337.83594,39.35828
224,UGC1214,,59.9,6.0,7.74,0.18,7.74,2.02,0.06,10.74,0.09,0.38,0.06,0.04,4.7,0.6,10.05,0.03,gas,7,UGC1214,NED,25.99069,2.34991
225,UGC1395,,60.8,6.1,6.83,0.28,6.83,1.81,0.04,10.86,0.11,0.85,0.10,0.06,4.7,0.4,,,gas,7,UGC1395,NED,28.84174,6.61170
226,UGC1841,,74.9,7.5,8.47,0.19,0.19,2.47,0.04,11.98,0.09,1.49,0.06,0.06,4.7,0.6,,,gas,7,UGC1841,NED,35.79755,42.99205
227,UGC3789,,49.9,5.4,6.99,0.09,0.09,2.03,0.05,11.01,0.12,0.66,0.11,0.05,5.7,0.5,,,maser,52,UGC3789,NED,109.87872,59.35513
228,UGC6093,,150.0,15.0,7.41,0.02,0.02,2.19,0.05,11.40,0.08,0.97,0.05,0.05,3.8,0.3,9.26,3.14,maser,34,UGC6093,NED,165.19981,10.72827
229,UGC7115,,88.2,8.8,9.00,0.45,0.45,2.25,0.08,11.24,0.09,0.54,0.07,0.06,6.1,0.9,,,gas,7,UGC7115,NED,182.02321,25.23727
230,UGC9799,,151.1,15.1,8.89,0.80,8.89,2.37,0.02,11.99,0.09,1.37,0.06,0.05,4.5,0.3,,,gas,19,UGC9799,NED,229.18536,7.02167
231,Mrk0110,1,151.1,15.1,7.28,0.21,0.21,1.96,0.03,10.58,0.10,0.77,0.07,0.07,3.0,0.5,10.82,0.00,reverb,71,Mrk0110,NED,141.30363,52.28625
232,Mrk0279,1,130.4,13.0,7.40,0.23,0.23,2.29,0.03,11.29,0.08,0.42,0.08,0.09,5.2,0.9,11.21,0.02,reverb,71,Mrk0279,NED,208.26390,69.30804
233,NGC1068,1,15.9,9.4,6.92,0.25,0.25,2.18,0.02,11.32,0.40,0.32,0.20,0.20,4.6,0.4,10.62,0.02,maser,53,NGC1068,NED,40.66988,-0.01329
234,NGC1300,1,21.5,9.4,7.88,0.34,0.34,2.34,0.02,11.05,0.34,1.09,0.17,0.17,3.4,0.4,,,gas,1,NGC1300,NED,49.92116,-19.41136
235,NGC2139,1,23.6,2.4,5.18,0.43,5.18,1.34,0.08,10.36,0.08,0.47,0.04,0.04,2.9,0.1,,,star,61,NGC2139,NED,90.28318,-23.67232
236,NGC2911,1,43.5,4.3,9.09,0.29,0.29,2.32,0.03,11.28,0.10,0.88,0.12,0.08,6.3,0.3,,,gas,7,NGC2911,NED,143.44208,10.15259
237,NGC3516,1,37.9,3.8,7.37,0.16,0.16,2.26,0.01,11.11,0.11,0.40,0.13,0.10,7.1,0.8,9.98,0.11,reverb,24,NGC3516,NED,166.69789,72.56853
238,NGC4041,1,19.5,2.0,6.00,0.20,6.00,1.98,0.02,10.61,0.10,0.24,0.11,0.06,4.4,0.7,,,gas,55,NGC4041,NED,180.55072,62.13729
239,NGC4636,1,13.7,1.4,8.58,0.22,0.22,2.26,0.02,11.25,0.09,0.96,0.08,0.06,5.5,0.4,,,gas,7,NGC4636,NED,190.70778,2.68778
240,NGC4699,1,18.9,2.1,8.25,0.05,0.05,2.26,0.01,11.38,0.11,0.49,0.12,0.08,5.6,0.6,,,stars,75,NGC4699,NED,192.25911,-8.66430
241,NGC4736,1,4.5,0.8,6.78,0.12,0.12,2.05,0.02,10.67,0.16,0.00,0.12,0.09,6.2,0.5,,,star,49,NGC4736,NED,192.72145,41.12015
242,NGC4826,1,5.2,1.2,6.05,0.13,0.13,1.98,0.02,10.71,0.19,0.38,0.12,0.09,4.7,0.4,,,star,49,NGC4826,NED,194.18207,21.68266
243,NGC5018,1,40.5,4.9,8.02,0.08,0.08,2.32,0.01,11.54,0.09,0.62,0.06,0.05,5.5,0.3,,,stars,75,NGC5018,NED,198.25417,-19.51830
244,NGC5194,1,7.9,0.8,5.96,0.36,5.96,1.84,0.06,11.04,0.10,0.73,0.08,0.05,4.9,0.6,8.36,0.23,gas,7,NGC5194,NED,202.46957,47.19526
245,NGC7469,1,47.7,8.1,6.94,0.16,0.16,2.12,0.02,11.12,0.15,0.00,0.17,0.15,8.4,2.8,,,reverb,72,NGC7469,NED,345.81531,8.87369
